{"[Train] Client 1 loss": 1.1377972058951855, "[Train] Client 1 acc": 59.51171875, "[Train] Server 1 loss": 0.31317640878260133, "[Train] Server 1 acc": 99.51171875, "_timestamp": 1695033713.9775405, "[Train] Client 2 loss": 1.297333789616823, "[Train] Client 2 acc": 95.7421875, "[Train] Server 2 loss": 0.07361462597036735, "[Train] Server 2 acc": 99.51171875, "[Train] Client 3 loss": 1.245228672772646, "[Train] Client 3 acc": 99.90234375, "[Train] Server 3 loss": 0.001230514898270485, "[Train] Server 3 acc": 100.0, "_runtime": 10205.510684490204, "_step": 1000, "[Test] Client 1 acc": 58.369998931884766, "[Test] Server 1 acc": 71.05000305175781, "[Test] Client 2 acc": 83.61000061035156, "[Test] Server 2 acc": 30.829999923706055, "[Test] Client 3 acc": 86.48999786376953, "[Test] Server 3 acc": 85.29000091552734, "_wandb": {"runtime": 10204}}