{"[Train] Client 1 loss": 1.2087800465524197, "[Train] Client 1 acc": 57.12890625, "[Train] Server 1 loss": 0.3244436038658023, "[Train] Server 1 acc": 98.92578125, "_timestamp": 1695057451.0884843, "[Train] Client 2 loss": 1.4713734909892082, "[Train] Client 2 acc": 90.8984375, "[Train] Server 2 loss": 0.11285524640697986, "[Train] Server 2 acc": 98.92578125, "[Train] Client 3 loss": 1.5027893409132957, "[Train] Client 3 acc": 98.73046875, "[Train] Server 3 loss": 0.01643421849439619, "[Train] Server 3 acc": 99.35546875, "_runtime": 6969.700472354889, "_step": 2000, "[Test] Client 1 acc": 55.16999816894531, "[Test] Server 1 acc": 84.61000061035156, "[Test] Client 2 acc": 83.25, "[Test] Server 2 acc": 76.91000366210938, "[Test] Client 3 acc": 84.33999633789062, "[Test] Server 3 acc": 84.12000274658203, "_wandb": {"runtime": 6969}}