{"[Train] Client 1 loss": 1.277583058923483, "[Train] Client 1 acc": 54.98046875, "[Train] Server 1 loss": 0.6966736931353807, "[Train] Server 1 acc": 95.46875, "_timestamp": 1695054542.5756671, "[Train] Client 2 loss": 1.6483668684959412, "[Train] Client 2 acc": 85.41015625, "[Train] Server 2 loss": 0.31287590879946947, "[Train] Server 2 acc": 95.48828125, "[Train] Client 3 loss": 1.8518725112080574, "[Train] Client 3 acc": 96.11328125, "[Train] Server 3 loss": 0.09360562241636217, "[Train] Server 3 acc": 97.01171875, "_runtime": 4059.4063081741333, "_step": 1000, "[Test] Client 1 acc": 53.349998474121094, "[Test] Server 1 acc": 82.6500015258789, "[Test] Client 2 acc": 80.95999908447266, "[Test] Server 2 acc": 84.30000305175781, "[Test] Client 3 acc": 83.98999786376953, "[Test] Server 3 acc": 83.55999755859375, "_wandb": {"runtime": 4058}}