{"[Train] Client 1 loss": 1.1415541462600232, "[Train] Client 1 acc": 57.59765625, "[Train] Server 1 loss": 0.6513274185359478, "[Train] Server 1 acc": 97.40234375, "_timestamp": 1695016155.9102614, "[Train] Client 2 loss": 1.35803015679121, "[Train] Client 2 acc": 93.4765625, "[Train] Server 2 loss": 0.1720794319640845, "[Train] Server 2 acc": 98.0859375, "[Train] Client 3 loss": 1.3916593566536903, "[Train] Client 3 acc": 99.31640625, "[Train] Server 3 loss": 0.03720567993586883, "[Train] Server 3 acc": 98.92578125, "_runtime": 3874.413137435913, "_step": 500, "[Test] Client 1 acc": 56.61000061035156, "[Test] Server 1 acc": 75.63999938964844, "[Test] Client 2 acc": 83.26000213623047, "[Test] Server 2 acc": 17.1299991607666, "[Test] Client 3 acc": 85.66999816894531, "[Test] Server 3 acc": 84.36000061035156, "_wandb": {"runtime": 3873}}