{"[Train] Client 1 loss": 1.7632941752672195, "[Train] Client 1 acc": 40.09765625, "[Train] Server 1 loss": 1.6591477766633034, "[Train] Server 1 acc": 89.0234375, "_timestamp": 1694956678.504645, "[Train] Client 2 loss": 2.841002121567726, "[Train] Client 2 acc": 64.70703125, "[Train] Server 2 loss": 1.146679662168026, "[Train] Server 2 acc": 84.6875, "[Train] Client 3 loss": 3.6418114453554153, "[Train] Client 3 acc": 70.41015625, "[Train] Server 3 loss": 0.9322609566152096, "[Train] Server 3 acc": 73.10546875, "_runtime": 2406.2246210575104, "_step": 500, "[Test] Client 1 acc": 34.47999954223633, "[Test] Server 1 acc": 81.22000122070312, "[Test] Client 2 acc": 65.16999816894531, "[Test] Server 2 acc": 78.02999877929688, "[Test] Client 3 acc": 70.0999984741211, "[Test] Server 3 acc": 70.5999984741211, "_wandb": {"runtime": 2405}}