{"[Train] Client 1 loss": 1.115028440952301, "[Train] Client 1 acc": 59.375, "[Train] Server 1 loss": 0.1876973824109882, "[Train] Server 1 acc": 99.70703125, "_timestamp": 1695033970.4560502, "[Train] Client 2 loss": 1.2280868299305439, "[Train] Client 2 acc": 99.0234375, "[Train] Server 2 loss": 0.03732155635079835, "[Train] Server 2 acc": 100.0, "[Train] Client 3 loss": 1.22492513358593, "[Train] Client 3 acc": 99.55078125, "[Train] Server 3 loss": 0.0033980634381350684, "[Train] Server 3 acc": 100.0, "_runtime": 10312.694652080536, "_step": 1000, "[Test] Client 1 acc": 57.540000915527344, "[Test] Server 1 acc": 71.7300033569336, "[Test] Client 2 acc": 83.62999725341797, "[Test] Server 2 acc": 32.88999938964844, "[Test] Client 3 acc": 86.33999633789062, "[Test] Server 3 acc": 84.37999725341797, "_wandb": {"runtime": 10311}}