{"[Train] Client 2 loss": 1.9842579066753387, "[Train] Client 2 acc": 84.6484375, "[Train] Server 2 loss": 0.3362364573404193, "[Train] Server 2 acc": 96.328125, "_timestamp": 1695055088.7585597, "[Train] Client 3 loss": 2.1583069413900375, "[Train] Client 3 acc": 94.375, "[Train] Server 3 loss": 0.2099874927662313, "[Train] Server 3 acc": 96.66015625, "[Train] Client 4 loss": 2.161439597606659, "[Train] Client 4 acc": 96.58203125, "[Train] Server 4 loss": 0.020929403603076935, "[Train] Server 4 acc": 99.4140625, "_runtime": 3981.801755666733, "_step": 1000, "[Train] Client 1 loss": 1.5111594572663307, "[Train] Client 1 acc": 53.10546875, "[Train] Server 1 loss": 0.7498461119830608, "[Train] Server 1 acc": 96.69921875, "[Test] Client 1 acc": 50.310001373291016, "[Test] Server 1 acc": 72.06999969482422, "[Test] Client 2 acc": 81.61000061035156, "[Test] Server 2 acc": 78.76000213623047, "[Test] Client 3 acc": 82.87999725341797, "[Test] Server 3 acc": 83.11000061035156, "[Test] Client 4 acc": 83.20999908447266, "[Test] Server 4 acc": 82.56999969482422, "_wandb": {"runtime": 3981}}