{"[Train] Client 1 loss": 1.365326352417469, "[Train] Client 1 acc": 54.12109375, "[Train] Server 1 loss": 0.6015031289309263, "[Train] Server 1 acc": 99.31640625, "_timestamp": 1694959935.8739545, "[Train] Client 2 loss": 1.918123224377632, "[Train] Client 2 acc": 82.2265625, "[Train] Server 2 loss": 0.23297831900417804, "[Train] Server 2 acc": 99.12109375, "[Train] Client 3 loss": 2.123901052772999, "[Train] Client 3 acc": 91.2890625, "[Train] Server 3 loss": 0.22411704594269394, "[Train] Server 3 acc": 97.20703125, "_runtime": 4800.097887516022, "_step": 500, "[Test] Client 1 acc": 49.77000045776367, "[Test] Server 1 acc": 83.76000213623047, "[Test] Client 2 acc": 77.9000015258789, "[Test] Server 2 acc": 82.25, "[Test] Client 3 acc": 80.87999725341797, "[Test] Server 3 acc": 80.6500015258789, "_wandb": {"runtime": 4799}}