{"[Train] Client 1 loss": 1.8778845444321632, "[Train] Client 1 acc": 30.64453125, "[Train] Server 1 loss": 3.002669021487236, "[Train] Server 1 acc": 68.90625, "_timestamp": 1694951037.1476035, "[Train] Client 2 loss": 3.233249992132187, "[Train] Client 2 acc": 51.1328125, "[Train] Server 2 loss": 2.0293211564421654, "[Train] Server 2 acc": 62.40234375, "[Train] Client 3 loss": 4.303076088428497, "[Train] Client 3 acc": 59.82421875, "[Train] Server 3 loss": 1.178168311715126, "[Train] Server 3 acc": 58.3984375, "_runtime": 436.8688266277313, "_step": 107, "[Test] Client 1 acc": 29.84000015258789, "[Test] Server 1 acc": 58.47999954223633, "[Test] Client 2 acc": 52.75, "[Test] Server 2 acc": 64.5, "[Test] Client 3 acc": 58.380001068115234, "[Test] Server 3 acc": 54.400001525878906}