{"[Train] Client 2 loss": 2.03952057659626, "[Train] Client 2 acc": 89.0234375, "[Train] Server 2 loss": 0.7019789963960648, "[Train] Server 2 acc": 99.0234375, "_timestamp": 1695062578.040329, "[Train] Client 3 loss": 2.163778744637966, "[Train] Client 3 acc": 95.5078125, "[Train] Server 3 loss": 0.676867201924324, "[Train] Server 3 acc": 97.8515625, "[Train] Client 4 loss": 2.079776458442211, "[Train] Client 4 acc": 98.8671875, "[Train] Server 4 loss": 0.41871610283851624, "[Train] Server 4 acc": 99.31640625, "_runtime": 9087.212481021881, "_step": 2000, "[Train] Client 1 loss": 1.5802797377109528, "[Train] Client 1 acc": 57.94921875, "[Train] Server 1 loss": 0.7930563390254974, "[Train] Server 1 acc": 99.51171875, "[Test] Client 1 acc": 54.209999084472656, "[Test] Server 1 acc": 83.70999908447266, "[Test] Client 2 acc": 84.36000061035156, "[Test] Server 2 acc": 81.0, "[Test] Client 3 acc": 86.69000244140625, "[Test] Server 3 acc": 84.91999816894531, "[Test] Client 4 acc": 86.51000213623047, "[Test] Server 4 acc": 86.16999816894531, "_wandb": {"runtime": 9086}}