{"[Train] Client 1 loss": 1.8835033774375916, "[Train] Client 1 acc": 40.09765625, "[Train] Server 1 loss": 1.7765657603740692, "[Train] Server 1 acc": 88.828125, "_timestamp": 1694956059.4674826, "[Train] Client 2 loss": 3.0023040622472763, "[Train] Client 2 acc": 63.80859375, "[Train] Server 2 loss": 1.283136736601591, "[Train] Server 2 acc": 84.23828125, "[Train] Client 3 loss": 3.7513113766908646, "[Train] Client 3 acc": 71.77734375, "[Train] Server 3 loss": 1.0656382367014885, "[Train] Server 3 acc": 71.1328125, "_runtime": 2297.719493627548, "_step": 500, "[Test] Client 1 acc": 34.630001068115234, "[Test] Server 1 acc": 81.22000122070312, "[Test] Client 2 acc": 64.94999694824219, "[Test] Server 2 acc": 77.63999938964844, "[Test] Client 3 acc": 70.04000091552734, "[Test] Server 3 acc": 70.4800033569336, "_wandb": {"runtime": 2295}}