{"[Train] Client 1 loss": 3.0584903240203856, "[Train] Client 1 acc": 51.81640625, "[Train] Server 1 loss": 0.5852718029171229, "[Train] Server 1 acc": 99.609375, "_timestamp": 1694940932.8756707, "[Train] Client 2 loss": 3.7165636658668517, "[Train] Client 2 acc": 81.73828125, "[Train] Server 2 loss": 0.13531058919616043, "[Train] Server 2 acc": 99.4140625, "[Train] Client 3 loss": 3.2344125151634215, "[Train] Client 3 acc": 90.13671875, "[Train] Server 3 loss": 0.1696621418464929, "[Train] Server 3 acc": 96.2890625, "_runtime": 4016.9207875728607, "_step": 500, "[Test] Client 1 acc": 48.9900016784668, "[Test] Server 1 acc": 82.66000366210938, "[Test] Client 2 acc": 78.01000213623047, "[Test] Server 2 acc": 81.13999938964844, "[Test] Client 3 acc": 81.05000305175781, "[Test] Server 3 acc": 79.83000183105469, "_wandb": {"runtime": 4016}}