{"[Train] Client 1 loss": 1.497376587986946, "[Train] Client 1 acc": 52.98828125, "[Train] Server 1 loss": 0.7943765372037888, "[Train] Server 1 acc": 98.828125, "_timestamp": 1694960063.3412056, "[Train] Client 2 loss": 2.1154852390289305, "[Train] Client 2 acc": 81.69921875, "[Train] Server 2 loss": 0.4320509608834982, "[Train] Server 2 acc": 98.57421875, "[Train] Client 3 loss": 2.3174800127744675, "[Train] Client 3 acc": 91.2109375, "[Train] Server 3 loss": 0.3828391991555691, "[Train] Server 3 acc": 96.5234375, "_runtime": 4790.917612552643, "_step": 500, "[Test] Client 1 acc": 49.279998779296875, "[Test] Server 1 acc": 83.0, "[Test] Client 2 acc": 77.55999755859375, "[Test] Server 2 acc": 82.1500015258789, "[Test] Client 3 acc": 80.80999755859375, "[Test] Server 3 acc": 80.68000030517578, "_wandb": {"runtime": 4790}}