{"[Train] Client 1 loss": 1.251949480175972, "[Train] Client 1 acc": 55.8984375, "[Train] Server 1 loss": 0.4324983609840274, "[Train] Server 1 acc": 99.90234375, "_timestamp": 1695020744.7966938, "[Train] Client 2 loss": 1.6139909014105798, "[Train] Client 2 acc": 90.09765625, "[Train] Server 2 loss": 0.05313682655105367, "[Train] Server 2 acc": 100.0, "[Train] Client 3 loss": 1.6697597950696945, "[Train] Client 3 acc": 97.79296875, "[Train] Server 3 loss": 0.029240413918159902, "[Train] Server 3 acc": 100.0, "_runtime": 3980.367075920105, "_step": 500, "[Test] Client 1 acc": 51.58000183105469, "[Test] Server 1 acc": 80.5199966430664, "[Test] Client 2 acc": 78.95999908447266, "[Test] Server 2 acc": 80.20999908447266, "[Test] Client 3 acc": 81.58999633789062, "[Test] Server 3 acc": 81.05000305175781, "_wandb": {"runtime": 3979}}