{"[Train] Client 1 loss": 1.6315935790538787, "[Train] Client 1 acc": 52.55859375, "[Train] Server 1 loss": 0.9302243411540985, "[Train] Server 1 acc": 99.2578125, "_timestamp": 1694959762.3272057, "[Train] Client 2 loss": 2.2816368356347083, "[Train] Client 2 acc": 81.81640625, "[Train] Server 2 loss": 0.5827743273228407, "[Train] Server 2 acc": 99.2578125, "[Train] Client 3 loss": 2.482748293876648, "[Train] Client 3 acc": 88.828125, "[Train] Server 3 loss": 0.5322624631226063, "[Train] Server 3 acc": 96.5234375, "_runtime": 4671.896929740906, "_step": 500, "[Test] Client 1 acc": 49.18000030517578, "[Test] Server 1 acc": 82.98999786376953, "[Test] Client 2 acc": 77.5999984741211, "[Test] Server 2 acc": 82.23999786376953, "[Test] Client 3 acc": 81.02999877929688, "[Test] Server 3 acc": 80.06999969482422, "_wandb": {"runtime": 4671}}