{"[Train] Client 1 loss": 1.3381721705198288, "[Train] Client 1 acc": 55.625, "_timestamp": 1693926817.0476265, "_runtime": 73.64781451225281, "_step": 4}