{"[Train] Client 1 loss": 1.4598857939243317, "[Train] Client 1 acc": 53.6328125, "[Train] Server 1 loss": 1.6251473903656006, "[Train] Server 1 acc": 49.375, "_timestamp": 1693842181.7173016, "[Train] Client 2 loss": 1.305150170624256, "[Train] Client 2 acc": 56.30859375, "[Train] Server 2 loss": 1.590349404513836, "[Train] Server 2 acc": 48.84765625, "[Train] Client 3 loss": 1.3276485599577428, "[Train] Client 3 acc": 58.76953125, "[Train] Server 3 loss": 2.012432335317135, "[Train] Server 3 acc": 45.9375, "_runtime": 122.61617159843445, "_step": 5}