{"[Train] Client 1 loss": 2.730170175433159, "[Train] Client 1 acc": 38.4765625, "[Train] Server 1 loss": 1.547876313328743, "[Train] Server 1 acc": 89.0234375, "_timestamp": 1694938528.3275733, "[Train] Client 2 loss": 3.622168853878975, "[Train] Client 2 acc": 64.16015625, "[Train] Server 2 loss": 0.9419759474694729, "[Train] Server 2 acc": 84.70703125, "[Train] Client 3 loss": 3.9408541917800903, "[Train] Client 3 acc": 73.0859375, "[Train] Server 3 loss": 0.7406812831759453, "[Train] Server 3 acc": 73.28125, "_runtime": 1722.8567233085632, "_step": 500, "[Test] Client 1 acc": 34.2400016784668, "[Test] Server 1 acc": 80.58000183105469, "[Test] Client 2 acc": 64.55999755859375, "[Test] Server 2 acc": 78.33000183105469, "[Test] Client 3 acc": 69.77999877929688, "[Test] Server 3 acc": 70.05000305175781, "_wandb": {"runtime": 1722}}