{"[Train] Client 1 loss": 1.527278907597065, "[Train] Client 1 acc": 42.71484375, "[Train] Server 1 loss": 2.998738646507263, "[Train] Server 1 acc": 63.2421875, "_timestamp": 1695027574.7421603, "[Train] Client 2 loss": 2.294364094734192, "[Train] Client 2 acc": 71.7578125, "[Train] Server 2 loss": 1.7638171017169952, "[Train] Server 2 acc": 66.015625, "[Train] Client 3 loss": 2.987807035446167, "[Train] Client 3 acc": 77.34375, "[Train] Server 3 loss": 0.9652433432638645, "[Train] Server 3 acc": 67.08984375, "_runtime": 4503.334217309952, "_step": 1000, "[Test] Client 1 acc": 41.060001373291016, "[Test] Server 1 acc": 32.290000915527344, "[Test] Client 2 acc": 70.55000305175781, "[Test] Server 2 acc": 40.130001068115234, "[Test] Client 3 acc": 75.30000305175781, "[Test] Server 3 acc": 15.460000038146973, "_wandb": {"runtime": 4501}}