{"[Train] Client 1 loss": 1.5468388795852661, "[Train] Client 1 acc": 40.7421875, "[Train] Server 1 loss": 1.0287196934223175, "[Train] Server 1 acc": 93.92578125, "_timestamp": 1695027575.387836, "[Train] Client 2 loss": 2.35190013051033, "[Train] Client 2 acc": 72.16796875, "[Train] Server 2 loss": 0.4827381931245327, "[Train] Server 2 acc": 92.109375, "[Train] Client 3 loss": 2.934720039367676, "[Train] Client 3 acc": 80.17578125, "[Train] Server 3 loss": 0.5197616498917341, "[Train] Server 3 acc": 82.3046875, "_runtime": 4169.422298908234, "_step": 1000, "[Test] Client 1 acc": 39.7400016784668, "[Test] Server 1 acc": 82.93000030517578, "[Test] Client 2 acc": 71.63999938964844, "[Test] Server 2 acc": 81.8499984741211, "[Test] Client 3 acc": 76.7300033569336, "[Test] Server 3 acc": 76.55000305175781, "_wandb": {"runtime": 4168}}