{"[Train] Client 1 loss": 1.2228923290967941, "[Train] Client 1 acc": 59.23828125, "[Train] Server 1 loss": 3.10219449698925, "[Train] Server 1 acc": 65.33203125, "_timestamp": 1694267616.4187799, "[Train] Client 2 loss": 2.3437516361474993, "[Train] Client 2 acc": 63.80859375, "[Train] Server 2 loss": 2.209316058456898, "[Train] Server 2 acc": 62.1484375, "[Train] Client 3 loss": 3.1010919213294983, "[Train] Client 3 acc": 70.3515625, "[Train] Server 3 loss": 1.0073498211801053, "[Train] Server 3 acc": 64.35546875, "_runtime": 265.15319895744324, "_step": 10, "[Test] Client 1 acc": 56.279998779296875, "[Test] Server 1 acc": 60.470001220703125, "[Test] Client 2 acc": 61.36000061035156, "[Test] Server 2 acc": 61.33000183105469, "[Test] Client 3 acc": 61.65999984741211, "[Test] Server 3 acc": 59.36000061035156, "_wandb": {"runtime": 264}}