{"[Train] Client 1 loss": 1.283274318277836, "[Train] Client 1 acc": 56.796875, "[Train] Server 1 loss": 3.5091877937316895, "[Train] Server 1 acc": 59.9609375, "_timestamp": 1694267583.188516, "[Train] Client 2 loss": 2.227451355755329, "[Train] Client 2 acc": 64.6484375, "[Train] Server 2 loss": 2.0657533928751945, "[Train] Server 2 acc": 64.21875, "[Train] Client 3 loss": 3.345025250315666, "[Train] Client 3 acc": 65.91796875, "[Train] Server 3 loss": 1.1061717964708806, "[Train] Server 3 acc": 62.9296875, "_runtime": 231.92293500900269, "_step": 9}