{"[Train] Client 1 loss": 1.2736176759004594, "[Train] Client 1 acc": 54.51171875, "[Train] Server 1 loss": 3.4918361097574233, "[Train] Server 1 acc": 59.3359375, "_timestamp": 1694267534.9939446, "[Train] Client 2 loss": 2.4144214674830438, "[Train] Client 2 acc": 60.60546875, "[Train] Server 2 loss": 2.3178630456328393, "[Train] Server 2 acc": 59.0234375, "[Train] Client 3 loss": 3.5418557584285737, "[Train] Client 3 acc": 63.671875, "[Train] Server 3 loss": 1.1598638631403446, "[Train] Server 3 acc": 62.59765625, "_runtime": 183.7283637523651, "_step": 7}