{"[Train] Client 1 loss": 1.899119459092617, "[Train] Client 1 acc": 40.5859375, "[Train] Server 1 loss": 1.7976803630590439, "[Train] Server 1 acc": 89.58984375, "_timestamp": 1694953360.0367286, "[Train] Client 2 loss": 3.0288481265306473, "[Train] Client 2 acc": 63.10546875, "[Train] Server 2 loss": 1.290352389216423, "[Train] Server 2 acc": 85.33203125, "[Train] Client 3 loss": 3.771091803908348, "[Train] Client 3 acc": 71.77734375, "[Train] Server 3 loss": 1.0636420547962189, "[Train] Server 3 acc": 73.125, "_runtime": 2063.290405511856, "_step": 500, "[Test] Client 1 acc": 34.36000061035156, "[Test] Server 1 acc": 80.83000183105469, "[Test] Client 2 acc": 65.1500015258789, "[Test] Server 2 acc": 77.81999969482422, "[Test] Client 3 acc": 69.8499984741211, "[Test] Server 3 acc": 70.23999786376953, "_wandb": {"runtime": 2062}}