{"[Train] Client 1 loss": 1.5215519443154335, "[Train] Client 1 acc": 52.5390625, "[Train] Server 1 loss": 0.6600810177624226, "[Train] Server 1 acc": 94.8046875, "_timestamp": 1695055382.290211, "[Train] Client 2 loss": 1.8994809985160828, "[Train] Client 2 acc": 86.07421875, "[Train] Server 2 loss": 0.34546087123453617, "[Train] Server 2 acc": 93.69140625, "[Train] Client 3 loss": 1.9483494088053703, "[Train] Client 3 acc": 95.859375, "[Train] Server 3 loss": 0.06836412369739264, "[Train] Server 3 acc": 97.79296875, "_runtime": 4277.790489912033, "_step": 1000, "[Test] Client 1 acc": 52.880001068115234, "[Test] Server 1 acc": 73.38999938964844, "[Test] Client 2 acc": 81.16999816894531, "[Test] Server 2 acc": 81.51000213623047, "[Test] Client 3 acc": 81.87999725341797, "[Test] Server 3 acc": 81.12000274658203, "_wandb": {"runtime": 4277}}