{"[Train] Client 1 loss": 1.3116820305585861, "[Train] Client 1 acc": 53.02734375, "[Train] Server 1 loss": 1.199625875800848, "[Train] Server 1 acc": 90.76171875, "_timestamp": 1695014019.8697367, "[Train] Client 2 loss": 1.9962428733706474, "[Train] Client 2 acc": 77.3828125, "[Train] Server 2 loss": 0.6255170274525881, "[Train] Server 2 acc": 89.82421875, "[Train] Client 3 loss": 2.2362120524048805, "[Train] Client 3 acc": 88.45703125, "[Train] Server 3 loss": 0.31675756722688675, "[Train] Server 3 acc": 89.16015625, "_runtime": 1704.8035435676575, "_step": 500, "[Test] Client 1 acc": 48.52000045776367, "[Test] Server 1 acc": 81.72000122070312, "[Test] Client 2 acc": 77.44000244140625, "[Test] Server 2 acc": 81.55999755859375, "[Test] Client 3 acc": 81.80000305175781, "[Test] Server 3 acc": 81.72000122070312, "_wandb": {"runtime": 1704}}