{"[Train] Client 1 loss": 1.3772609010338783, "[Train] Client 1 acc": 53.4765625, "[Train] Server 1 loss": 0.5773502279073, "[Train] Server 1 acc": 99.51171875, "_timestamp": 1694959664.3971522, "[Train] Client 2 loss": 1.9209246292710305, "[Train] Client 2 acc": 82.5390625, "[Train] Server 2 loss": 0.22572853052988648, "[Train] Server 2 acc": 99.21875, "[Train] Client 3 loss": 2.1466925382614135, "[Train] Client 3 acc": 91.03515625, "[Train] Server 3 loss": 0.23987045437097548, "[Train] Server 3 acc": 96.875, "_runtime": 4631.833080291748, "_step": 500, "[Test] Client 1 acc": 49.13999938964844, "[Test] Server 1 acc": 83.56999969482422, "[Test] Client 2 acc": 78.16000366210938, "[Test] Server 2 acc": 82.51000213623047, "[Test] Client 3 acc": 80.7300033569336, "[Test] Server 3 acc": 80.06999969482422, "_wandb": {"runtime": 4631}}