{"[Train] Client 1 loss": 1.7867233231663704, "[Train] Client 1 acc": 39.90234375, "[Train] Server 1 loss": 1.6164367944002151, "[Train] Server 1 acc": 88.7890625, "_timestamp": 1694956487.0057817, "[Train] Client 2 loss": 2.8642934411764145, "[Train] Client 2 acc": 64.78515625, "[Train] Server 2 loss": 1.0957233123481274, "[Train] Server 2 acc": 85.546875, "[Train] Client 3 loss": 3.6193449199199677, "[Train] Client 3 acc": 71.2890625, "[Train] Server 3 loss": 0.9324448145925999, "[Train] Server 3 acc": 72.63671875, "_runtime": 2282.784119606018, "_step": 500, "[Test] Client 1 acc": 34.38999938964844, "[Test] Server 1 acc": 80.45999908447266, "[Test] Client 2 acc": 65.30000305175781, "[Test] Server 2 acc": 77.63999938964844, "[Test] Client 3 acc": 70.05000305175781, "[Test] Server 3 acc": 70.7699966430664, "_wandb": {"runtime": 2282}}