{"[Train] Client 1 loss": 1.1537695437669755, "[Train] Client 1 acc": 57.79296875, "[Train] Server 1 loss": 0.4861571405082941, "[Train] Server 1 acc": 98.92578125, "_timestamp": 1695024817.9946482, "[Train] Client 2 loss": 1.2869555294513702, "[Train] Client 2 acc": 98.18359375, "[Train] Server 2 loss": 0.07461918985936791, "[Train] Server 2 acc": 100.0, "[Train] Client 3 loss": 1.3173591643571854, "[Train] Client 3 acc": 98.53515625, "[Train] Server 3 loss": 0.02692286954916199, "[Train] Server 3 acc": 99.90234375, "_runtime": 4468.009995222092, "_step": 500, "[Test] Client 1 acc": 55.97999954223633, "[Test] Server 1 acc": 76.41999816894531, "[Test] Client 2 acc": 83.56999969482422, "[Test] Server 2 acc": 16.5, "[Test] Client 3 acc": 85.98999786376953, "[Test] Server 3 acc": 84.83000183105469, "_wandb": {"runtime": 4467}}