{"[Train] Client 1 loss": 1.5760290399193764, "[Train] Client 1 acc": 57.79296875, "[Train] Server 1 loss": 0.8121329210698605, "[Train] Server 1 acc": 98.33984375, "_timestamp": 1695062108.9450915, "[Train] Client 2 loss": 1.97821506857872, "[Train] Client 2 acc": 89.140625, "[Train] Server 2 loss": 0.6692683920264244, "[Train] Server 2 acc": 98.61328125, "[Train] Client 3 loss": 2.0200939252972603, "[Train] Client 3 acc": 98.33984375, "[Train] Server 3 loss": 0.4472200945019722, "[Train] Server 3 acc": 99.2578125, "_runtime": 8613.599250555038, "_step": 2000, "[Test] Client 1 acc": 56.119998931884766, "[Test] Server 1 acc": 84.55000305175781, "[Test] Client 2 acc": 84.02999877929688, "[Test] Server 2 acc": 79.16000366210938, "[Test] Client 3 acc": 85.56999969482422, "[Test] Server 3 acc": 85.16999816894531, "_wandb": {"runtime": 8612}}