{"[Train] Client 1 loss": 1.930045872926712, "[Train] Client 1 acc": 26.6015625, "[Train] Server 1 loss": 3.8792575746774673, "[Train] Server 1 acc": 57.6953125, "_timestamp": 1694951023.5603454, "[Train] Client 2 loss": 3.4474739730358124, "[Train] Client 2 acc": 45.234375, "[Train] Server 2 loss": 2.4461165368556976, "[Train] Server 2 acc": 55.15625, "[Train] Client 3 loss": 4.930465906858444, "[Train] Client 3 acc": 50.29296875, "[Train] Server 3 loss": 1.4589370712637901, "[Train] Server 3 acc": 48.57421875, "_runtime": 224.18788647651672, "_step": 54, "[Test] Client 1 acc": 25.6200008392334, "[Test] Server 1 acc": 50.34000015258789, "[Test] Client 2 acc": 43.47999954223633, "[Test] Server 2 acc": 56.4900016784668, "[Test] Client 3 acc": 50.540000915527344, "[Test] Server 3 acc": 49.20000076293945}