{"[Train] Client 1 loss": 0.3307103892788291, "[Train] Client 1 acc": 94.2578125, "[Train] Server 1 loss": 0.97536855712533, "[Train] Server 1 acc": 93.6328125, "_timestamp": 1693846782.497343, "[Train] Client 2 loss": 0.6928586937487126, "[Train] Client 2 acc": 93.28125, "[Train] Server 2 loss": 0.7328591406345367, "[Train] Server 2 acc": 92.1484375, "[Train] Client 3 loss": 0.935498221218586, "[Train] Client 3 acc": 96.26953125, "[Train] Server 3 loss": 0.3427437555510551, "[Train] Server 3 acc": 95.21484375, "_runtime": 1257.6559331417084, "_step": 47, "[Test] Client 1 acc": 81.20999908447266, "[Test] Server 1 acc": 78.33999633789062, "[Test] Client 2 acc": 81.7699966430664, "[Test] Server 2 acc": 81.87000274658203, "[Test] Client 3 acc": 81.48999786376953, "[Test] Server 3 acc": 81.56999969482422}