{"[Train] Client 1 loss": 1.6603891402482986, "[Train] Client 1 acc": 40.0, "[Train] Server 1 loss": 1.4736052304506302, "[Train] Server 1 acc": 90.703125, "_timestamp": 1694956607.137729, "[Train] Client 2 loss": 2.702468380331993, "[Train] Client 2 acc": 65.0, "[Train] Server 2 loss": 0.9523060545325279, "[Train] Server 2 acc": 85.37109375, "[Train] Client 3 loss": 3.4580021053552628, "[Train] Client 3 acc": 71.4453125, "[Train] Server 3 loss": 0.7614145614206791, "[Train] Server 3 acc": 74.08203125, "_runtime": 2356.306797981262, "_step": 500, "[Test] Client 1 acc": 34.369998931884766, "[Test] Server 1 acc": 81.16000366210938, "[Test] Client 2 acc": 65.48999786376953, "[Test] Server 2 acc": 78.12000274658203, "[Test] Client 3 acc": 70.4000015258789, "[Test] Server 3 acc": 70.93000030517578, "_wandb": {"runtime": 2355}}