{"[Train] Client 1 loss": 1.1257496826350688, "[Train] Client 1 acc": 61.3671875, "[Train] Server 1 loss": 0.6604396614246071, "[Train] Server 1 acc": 96.9921875, "_timestamp": 1695033153.4647396, "[Train] Client 2 loss": 1.2054818838834762, "[Train] Client 2 acc": 98.046875, "[Train] Server 2 loss": 0.14529233932262287, "[Train] Server 2 acc": 96.6015625, "[Train] Client 3 loss": 1.4398890495300294, "[Train] Client 3 acc": 97.08984375, "[Train] Server 3 loss": 0.05275615424325224, "[Train] Server 3 acc": 97.9296875, "_runtime": 9952.003866672516, "_step": 1000, "[Test] Client 1 acc": 58.130001068115234, "[Test] Server 1 acc": 72.01000213623047, "[Test] Client 2 acc": 84.08000183105469, "[Test] Server 2 acc": 38.70000076293945, "[Test] Client 3 acc": 84.8499984741211, "[Test] Server 3 acc": 75.58000183105469, "_wandb": {"runtime": 9951}}