{"[Train] Client 1 loss": 1.6927450969815254, "[Train] Client 1 acc": 39.12109375, "[Train] Server 1 loss": 1.498824119567871, "[Train] Server 1 acc": 89.9609375, "_timestamp": 1694956087.6634533, "[Train] Client 2 loss": 2.7311384230852127, "[Train] Client 2 acc": 65.72265625, "[Train] Server 2 loss": 0.9641842618584633, "[Train] Server 2 acc": 84.82421875, "[Train] Client 3 loss": 3.4770181477069855, "[Train] Client 3 acc": 71.5234375, "[Train] Server 3 loss": 0.791877344250679, "[Train] Server 3 acc": 71.93359375, "_runtime": 2301.721488237381, "_step": 500, "[Test] Client 1 acc": 34.56999969482422, "[Test] Server 1 acc": 80.83999633789062, "[Test] Client 2 acc": 64.70999908447266, "[Test] Server 2 acc": 78.20999908447266, "[Test] Client 3 acc": 70.66000366210938, "[Test] Server 3 acc": 71.0199966430664, "_wandb": {"runtime": 2301}}