{"[Train] Client 1 loss": 1.8668109774589539, "[Train] Client 1 acc": 39.51171875, "[Train] Server 1 loss": 1.8123922497034073, "[Train] Server 1 acc": 89.4921875, "_timestamp": 1694956550.8519037, "[Train] Client 2 loss": 2.998229369521141, "[Train] Client 2 acc": 64.296875, "[Train] Server 2 loss": 1.298441082239151, "[Train] Server 2 acc": 84.3359375, "[Train] Client 3 loss": 3.7946345806121826, "[Train] Client 3 acc": 69.53125, "[Train] Server 3 loss": 1.0734305307269096, "[Train] Server 3 acc": 73.18359375, "_runtime": 2320.7096767425537, "_step": 500, "[Test] Client 1 acc": 34.34000015258789, "[Test] Server 1 acc": 80.18000030517578, "[Test] Client 2 acc": 64.9000015258789, "[Test] Server 2 acc": 77.7300033569336, "[Test] Client 3 acc": 69.22000122070312, "[Test] Server 3 acc": 70.08000183105469, "_wandb": {"runtime": 2319}}