{"[Train] Client 1 loss": 1.18696086704731, "[Train] Client 1 acc": 59.140625, "[Train] Server 1 loss": 3.102196770906448, "[Train] Server 1 acc": 65.01953125, "_timestamp": 1694267324.7964544, "[Train] Client 2 loss": 2.334333974123001, "[Train] Client 2 acc": 63.59375, "[Train] Server 2 loss": 2.223373259603977, "[Train] Server 2 acc": 61.42578125, "[Train] Client 3 loss": 3.0789112567901613, "[Train] Client 3 acc": 70.17578125, "[Train] Server 3 loss": 0.9979895830154419, "[Train] Server 3 acc": 66.71875, "_runtime": 253.52229952812195, "_step": 10, "[Test] Client 1 acc": 55.790000915527344, "[Test] Server 1 acc": 60.380001068115234, "[Test] Client 2 acc": 61.459999084472656, "[Test] Server 2 acc": 61.61000061035156, "[Test] Client 3 acc": 61.27000045776367, "[Test] Server 3 acc": 59.2400016784668, "_wandb": {"runtime": 252}}