{"[Train] Client 1 loss": 1.5407690927386284, "[Train] Client 1 acc": 56.7578125, "[Train] Server 1 loss": 0.32472876692190766, "[Train] Server 1 acc": 97.9296875, "_timestamp": 1695058702.1235948, "[Train] Client 2 loss": 1.7961411625146866, "[Train] Client 2 acc": 91.9140625, "[Train] Server 2 loss": 0.09217464900575578, "[Train] Server 2 acc": 99.0234375, "[Train] Client 3 loss": 1.7122107595205307, "[Train] Client 3 acc": 99.51171875, "[Train] Server 3 loss": 0.03312976199958939, "[Train] Server 3 acc": 98.90625, "_runtime": 7591.359645843506, "_step": 2000, "[Test] Client 1 acc": 54.209999084472656, "[Test] Server 1 acc": 82.0, "[Test] Client 2 acc": 81.7699966430664, "[Test] Server 2 acc": 75.9800033569336, "[Test] Client 3 acc": 83.30000305175781, "[Test] Server 3 acc": 82.69000244140625, "_wandb": {"runtime": 7590}}