{"[Train] Client 3 loss": 0.6259717043489218, "[Train] Client 3 acc": 82.9296875, "_timestamp": 1693926668.8580968, "_runtime": 394.60492277145386, "_step": 16, "[Test] loss": 1.8629493457794188, "[Train] acc": 64.27999877929688}