{"[Train] Client 1 loss": 1.975707821547985, "[Train] Client 1 acc": 25.60546875, "[Train] Server 1 loss": 4.6529665887355804, "[Train] Server 1 acc": 45.4296875, "_timestamp": 1695048740.5997605, "[Train] Client 2 loss": 3.716949373483658, "[Train] Client 2 acc": 38.7109375, "[Train] Server 2 loss": 3.016057997941971, "[Train] Server 2 acc": 44.51171875, "[Train] Client 3 loss": 5.404024839401245, "[Train] Client 3 acc": 41.26953125, "[Train] Server 3 loss": 1.6055779978632927, "[Train] Server 3 acc": 41.77734375, "_runtime": 83.04558157920837, "_step": 24, "[Test] Client 1 acc": 22.350000381469727, "[Test] Server 1 acc": 42.25, "[Test] Client 2 acc": 34.459999084472656, "[Test] Server 2 acc": 43.43000030517578, "[Test] Client 3 acc": 40.869998931884766, "[Test] Server 3 acc": 45.470001220703125, "_wandb": {"runtime": 82}}