{"[Train] Client 1 loss": 1.251006606966257, "[Train] Client 1 acc": 56.50390625, "[Train] Server 1 loss": 1.6919174566864967, "[Train] Server 1 acc": 82.40234375, "_timestamp": 1695027226.6322453, "[Train] Client 2 loss": 1.5936461985111237, "[Train] Client 2 acc": 86.69921875, "[Train] Server 2 loss": 0.8072566464543343, "[Train] Server 2 acc": 86.4453125, "[Train] Client 3 loss": 1.9516248032450676, "[Train] Client 3 acc": 89.16015625, "[Train] Server 3 loss": 0.4886008482426405, "[Train] Server 3 acc": 87.1875, "_runtime": 4216.114854335785, "_step": 1000, "[Test] Client 1 acc": 54.18000030517578, "[Test] Server 1 acc": 58.95000076293945, "[Test] Client 2 acc": 82.88999938964844, "[Test] Server 2 acc": 71.30000305175781, "[Test] Client 3 acc": 83.13999938964844, "[Test] Server 3 acc": 66.1500015258789, "_wandb": {"runtime": 4215}}