{"[Train] Client 1 loss": 1.1995691880583763, "[Train] Client 1 acc": 57.3828125, "[Train] Server 1 loss": 0.3268829993903637, "[Train] Server 1 acc": 98.828125, "_timestamp": 1695058498.2817097, "[Train] Client 2 loss": 1.477817788720131, "[Train] Client 2 acc": 89.90234375, "[Train] Server 2 loss": 0.04267521508154459, "[Train] Server 2 acc": 99.4140625, "[Train] Client 3 loss": 1.5175854116678238, "[Train] Client 3 acc": 98.92578125, "[Train] Server 3 loss": 0.012688307797361631, "[Train] Server 3 acc": 99.51171875, "_runtime": 8014.252559661865, "_step": 2000, "[Test] Client 1 acc": 55.720001220703125, "[Test] Server 1 acc": 85.69000244140625, "[Test] Client 2 acc": 83.16999816894531, "[Test] Server 2 acc": 79.20999908447266, "[Test] Client 3 acc": 85.41999816894531, "[Test] Server 3 acc": 84.83000183105469, "_wandb": {"runtime": 8013}}