{"[Train] Client 1 loss": 2.6234318763017654, "[Train] Client 1 acc": 12.01171875, "[Train] Server 1 loss": 7.4759699404239655, "[Train] Server 1 acc": 16.89453125, "_timestamp": 1694963639.4708607, "[Train] Client 2 loss": 5.118940085172653, "[Train] Client 2 acc": 11.42578125, "[Train] Server 2 loss": 4.890256345272064, "[Train] Server 2 acc": 17.03125, "[Train] Client 3 loss": 7.458737134933472, "[Train] Client 3 acc": 16.328125, "[Train] Server 3 loss": 2.4913761764764786, "[Train] Server 3 acc": 19.27734375, "_runtime": 6.891198635101318, "_step": 1, "_wandb": {"runtime": 7}}