{"[Train] Client 1 loss": 1.8998220637440681, "[Train] Client 1 acc": 40.09765625, "[Train] Server 1 loss": 1.772304154932499, "[Train] Server 1 acc": 89.4921875, "_timestamp": 1694965555.7745676, "[Train] Client 2 loss": 3.023652195930481, "[Train] Client 2 acc": 64.16015625, "[Train] Server 2 loss": 1.290405910462141, "[Train] Server 2 acc": 84.66796875, "[Train] Client 3 loss": 3.76050366461277, "[Train] Client 3 acc": 71.30859375, "[Train] Server 3 loss": 1.0711602866649628, "[Train] Server 3 acc": 73.76953125, "_runtime": 2063.365247488022, "_step": 500, "[Test] Client 1 acc": 34.5099983215332, "[Test] Server 1 acc": 81.31999969482422, "[Test] Client 2 acc": 64.93000030517578, "[Test] Server 2 acc": 78.37000274658203, "[Test] Client 3 acc": 69.81999969482422, "[Test] Server 3 acc": 70.26000213623047, "_wandb": {"runtime": 2062}}