{"[Train] Client 1 loss": 1.6297732815146446, "[Train] Client 1 acc": 52.12890625, "[Train] Server 1 loss": 1.145384006202221, "[Train] Server 1 acc": 94.51171875, "_timestamp": 1695058059.7653754, "[Train] Client 2 loss": 2.1501935198903084, "[Train] Client 2 acc": 84.51171875, "[Train] Server 2 loss": 1.0082602351903915, "[Train] Server 2 acc": 91.1328125, "[Train] Client 3 loss": 2.3552056699991226, "[Train] Client 3 acc": 93.9453125, "[Train] Server 3 loss": 0.5623054355382919, "[Train] Server 3 acc": 95.48828125, "_runtime": 4571.353152275085, "_step": 1000, "[Test] Client 1 acc": 52.779998779296875, "[Test] Server 1 acc": 82.26000213623047, "[Test] Client 2 acc": 81.87999725341797, "[Test] Server 2 acc": 84.16999816894531, "[Test] Client 3 acc": 83.87000274658203, "[Test] Server 3 acc": 83.3499984741211, "_wandb": {"runtime": 4570}}