{"[Train] Client 1 loss": 1.6307637393474579, "[Train] Client 1 acc": 37.59765625, "[Train] Server 1 loss": 1.4865463487803936, "[Train] Server 1 acc": 89.375, "_timestamp": 1694866016.4192443, "[Train] Client 2 loss": 2.688296288251877, "[Train] Client 2 acc": 65.5859375, "[Train] Server 2 loss": 0.9621968232095242, "[Train] Server 2 acc": 84.39453125, "[Train] Client 3 loss": 3.3160247206687927, "[Train] Client 3 acc": 74.55078125, "[Train] Server 3 loss": 0.7173432633280754, "[Train] Server 3 acc": 73.90625, "_runtime": 1695.8131892681122, "_step": 500, "[Test] Client 1 acc": 34.400001525878906, "[Test] Server 1 acc": 80.4000015258789, "[Test] Client 2 acc": 64.73999786376953, "[Test] Server 2 acc": 77.98999786376953, "[Test] Client 3 acc": 70.31999969482422, "[Test] Server 3 acc": 71.18000030517578, "_wandb": {"runtime": 1695}}