{"[Train] Client 1 loss": 0.012240300852135988, "[Train] Client 1 acc": 99.90234375, "_timestamp": 1693935225.983876, "_runtime": 7963.299319982529, "_step": 500, "[Test] loss": 1.5763877149581909, "[Train] acc": 88.55999755859375, "_wandb": {"runtime": 7962}}