{"[Train] Client 1 loss": 1.7823261067271232, "[Train] Client 1 acc": 42.20703125, "[Train] Server 1 loss": 3.022280840575695, "[Train] Server 1 acc": 34.55078125, "_timestamp": 1693839607.8422441, "[Train] Client 2 loss": 1.7629633396863937, "[Train] Client 2 acc": 45.17578125, "[Train] Server 2 loss": 3.2332406252622605, "[Train] Server 2 acc": 33.9453125, "_runtime": 22.40614414215088, "_step": 1, "_wandb": {"runtime": 21}}