{"[Train] Client 1 loss": 1.3327591344714165, "[Train] Client 1 acc": 53.671875, "[Train] Server 1 loss": 3.4638773053884506, "[Train] Server 1 acc": 77.8515625, "_timestamp": 1695027419.4061246, "[Train] Client 2 loss": 1.7510299682617188, "[Train] Client 2 acc": 84.4140625, "[Train] Server 2 loss": 0.9264192804694176, "[Train] Server 2 acc": 82.59765625, "[Train] Client 3 loss": 2.3909157067537308, "[Train] Client 3 acc": 84.98046875, "[Train] Server 3 loss": 0.7127831662073731, "[Train] Server 3 acc": 82.83203125, "_runtime": 4255.83235168457, "_step": 1000, "[Test] Client 1 acc": 53.459999084472656, "[Test] Server 1 acc": 49.25, "[Test] Client 2 acc": 82.69999694824219, "[Test] Server 2 acc": 71.44000244140625, "[Test] Client 3 acc": 82.30000305175781, "[Test] Server 3 acc": 38.02000045776367, "_wandb": {"runtime": 4255}}