{"[Train] Client 1 loss": 1.116043208539486, "[Train] Client 1 acc": 59.84375, "[Train] Server 1 loss": 0.7078976413235069, "[Train] Server 1 acc": 93.18359375, "_timestamp": 1695032118.536141, "[Train] Client 2 loss": 1.2018304280936718, "[Train] Client 2 acc": 98.2421875, "[Train] Server 2 loss": 0.18647194728255273, "[Train] Server 2 acc": 96.9140625, "[Train] Client 3 loss": 1.2597168207168579, "[Train] Client 3 acc": 99.453125, "[Train] Server 3 loss": 0.00842906415637117, "[Train] Server 3 acc": 99.8046875, "_runtime": 9083.688859939575, "_step": 1000, "[Test] Client 1 acc": 58.9900016784668, "[Test] Server 1 acc": 71.22000122070312, "[Test] Client 2 acc": 85.1500015258789, "[Test] Server 2 acc": 51.83000183105469, "[Test] Client 3 acc": 85.94000244140625, "[Test] Server 3 acc": 58.59000015258789, "_wandb": {"runtime": 9082}}