{"[Train] Client 1 loss": 1.6189658492803574, "[Train] Client 1 acc": 38.65234375, "[Train] Server 1 loss": 4.109529420733452, "[Train] Server 1 acc": 52.421875, "_timestamp": 1695027432.2522817, "[Train] Client 2 loss": 2.6899916976690292, "[Train] Client 2 acc": 65.15625, "[Train] Server 2 loss": 2.1645519733428955, "[Train] Server 2 acc": 50.5078125, "[Train] Client 3 loss": 3.42644365131855, "[Train] Client 3 acc": 72.6953125, "[Train] Server 3 loss": 1.724403377622366, "[Train] Server 3 acc": 52.36328125, "_runtime": 4298.213861703873, "_step": 1000, "[Test] Client 1 acc": 39.68000030517578, "[Test] Server 1 acc": 28.8799991607666, "[Test] Client 2 acc": 70.16000366210938, "[Test] Server 2 acc": 40.59000015258789, "[Test] Client 3 acc": 77.19999694824219, "[Test] Server 3 acc": 46.40999984741211, "_wandb": {"runtime": 4297}}