{"[Train] Client 1 loss": 1.6219801157712936, "[Train] Client 1 acc": 53.65234375, "[Train] Server 1 loss": 1.0962165109813213, "[Train] Server 1 acc": 96.03515625, "_timestamp": 1695058042.8745239, "[Train] Client 2 loss": 2.1702578514814377, "[Train] Client 2 acc": 85.7421875, "[Train] Server 2 loss": 0.8153757564723492, "[Train] Server 2 acc": 94.375, "[Train] Client 3 loss": 2.34259981662035, "[Train] Client 3 acc": 95.078125, "[Train] Server 3 loss": 0.5499183032661676, "[Train] Server 3 acc": 95.3125, "_runtime": 4563.6282567977905, "_step": 1000, "[Test] Client 1 acc": 53.04999923706055, "[Test] Server 1 acc": 83.51000213623047, "[Test] Client 2 acc": 81.31999969482422, "[Test] Server 2 acc": 84.4800033569336, "[Test] Client 3 acc": 84.72000122070312, "[Test] Server 3 acc": 84.02999877929688, "_wandb": {"runtime": 4562}}