{"[Train] Client 2 loss": 2.177172154188156, "[Train] Client 2 acc": 84.78515625, "[Train] Server 2 loss": 1.150469895452261, "[Train] Server 2 acc": 93.61328125, "_timestamp": 1695058083.5665112, "[Train] Client 3 loss": 2.5230388045310974, "[Train] Client 3 acc": 90.5078125, "[Train] Server 3 loss": 0.8562431484460831, "[Train] Server 3 acc": 94.6484375, "[Train] Client 4 loss": 2.6807176619768143, "[Train] Client 4 acc": 94.453125, "[Train] Server 4 loss": 0.5153803080320358, "[Train] Server 4 acc": 96.875, "_runtime": 4590.888067245483, "_step": 1000, "[Train] Client 1 loss": 1.6419297009706497, "[Train] Client 1 acc": 54.55078125, "[Train] Server 1 loss": 1.273272331804037, "[Train] Server 1 acc": 96.0546875, "[Test] Client 1 acc": 51.27000045776367, "[Test] Server 1 acc": 81.36000061035156, "[Test] Client 2 acc": 81.83999633789062, "[Test] Server 2 acc": 83.72000122070312, "[Test] Client 3 acc": 85.55999755859375, "[Test] Server 3 acc": 85.12000274658203, "[Test] Client 4 acc": 85.63999938964844, "[Test] Server 4 acc": 84.8499984741211, "_wandb": {"runtime": 4590}}