{"[Train] Client 1 loss": 1.4495341166853906, "[Train] Client 1 acc": 50.78125, "[Train] Server 1 loss": 0.8541530501097441, "[Train] Server 1 acc": 99.90234375, "_timestamp": 1694867495.3775368, "[Train] Client 2 loss": 2.0291864395141603, "[Train] Client 2 acc": 81.15234375, "[Train] Server 2 loss": 0.23969165766611694, "[Train] Server 2 acc": 100.0, "[Train] Client 3 loss": 2.3784028068184853, "[Train] Client 3 acc": 90.48828125, "[Train] Server 3 loss": 0.1138705168501474, "[Train] Server 3 acc": 100.0, "_runtime": 1416.8079597949982, "_step": 183, "[Test] Client 1 acc": 44.33000183105469, "[Test] Server 1 acc": 80.18000030517578, "[Test] Client 2 acc": 70.70999908447266, "[Test] Server 2 acc": 78.12000274658203, "[Test] Client 3 acc": 76.80999755859375, "[Test] Server 3 acc": 74.87999725341797}