{"[Train] Client 1 loss": 1.6453850731253623, "[Train] Client 1 acc": 53.515625, "[Train] Server 1 loss": 0.930972370505333, "[Train] Server 1 acc": 98.73046875, "_timestamp": 1694968020.706675, "[Train] Client 2 loss": 2.3128604009747504, "[Train] Client 2 acc": 82.1484375, "[Train] Server 2 loss": 0.6361244030296802, "[Train] Server 2 acc": 99.2578125, "[Train] Client 3 loss": 2.5301980867981912, "[Train] Client 3 acc": 91.2109375, "[Train] Server 3 loss": 0.5814063608646393, "[Train] Server 3 acc": 95.0, "_runtime": 4290.469066143036, "_step": 500, "[Test] Client 1 acc": 49.33000183105469, "[Test] Server 1 acc": 83.70999908447266, "[Test] Client 2 acc": 77.70999908447266, "[Test] Server 2 acc": 83.05999755859375, "[Test] Client 3 acc": 80.98999786376953, "[Test] Server 3 acc": 80.47000122070312, "_wandb": {"runtime": 4289}}