{"[Train] Client 1 loss": 1.9149292930960655, "[Train] Client 1 acc": 26.77734375, "[Train] Server 1 loss": 3.8715633004903793, "[Train] Server 1 acc": 58.76953125, "_timestamp": 1694951019.5528994, "[Train] Client 2 loss": 3.4330007284879684, "[Train] Client 2 acc": 45.68359375, "[Train] Server 2 loss": 2.237174391746521, "[Train] Server 2 acc": 59.62890625, "[Train] Client 3 loss": 4.7801321148872375, "[Train] Client 3 acc": 53.28125, "[Train] Server 3 loss": 1.3957009240984917, "[Train] Server 3 acc": 48.96484375, "_runtime": 254.34753847122192, "_step": 62, "[Test] Client 1 acc": 27.020000457763672, "[Test] Server 1 acc": 56.599998474121094, "[Test] Client 2 acc": 45.88999938964844, "[Test] Server 2 acc": 58.529998779296875, "[Test] Client 3 acc": 52.599998474121094, "[Test] Server 3 acc": 51.97999954223633}