{"[Train] Client 2 loss": 1.518806166946888, "[Train] Client 2 acc": 90.01953125, "[Train] Server 2 loss": 0.08212530880700797, "[Train] Server 2 acc": 99.19921875, "_timestamp": 1695057987.4927475, "[Train] Client 3 loss": 1.5635336488485336, "[Train] Client 3 acc": 97.34375, "[Train] Server 3 loss": 0.09767851792275906, "[Train] Server 3 acc": 98.41796875, "[Train] Client 4 loss": 1.5138356536626816, "[Train] Client 4 acc": 99.16015625, "[Train] Server 4 loss": 0.010992442861606833, "[Train] Server 4 acc": 99.453125, "_runtime": 7506.7973754405975, "_step": 2000, "[Train] Client 1 loss": 1.2366833314299583, "[Train] Client 1 acc": 56.38671875, "[Train] Server 1 loss": 0.5009236373007298, "[Train] Server 1 acc": 98.828125, "[Test] Client 1 acc": 54.349998474121094, "[Test] Server 1 acc": 83.54000091552734, "[Test] Client 2 acc": 84.0199966430664, "[Test] Server 2 acc": 76.55000305175781, "[Test] Client 3 acc": 86.30999755859375, "[Test] Server 3 acc": 85.83000183105469, "[Test] Client 4 acc": 86.33000183105469, "[Test] Server 4 acc": 85.91000366210938, "_wandb": {"runtime": 7506}}