{"[Train] Client 1 loss": 1.505482666194439, "[Train] Client 1 acc": 53.92578125, "[Train] Server 1 loss": 0.7371486231684685, "[Train] Server 1 acc": 99.2578125, "_timestamp": 1694960036.1997476, "[Train] Client 2 loss": 2.1075735956430437, "[Train] Client 2 acc": 82.5390625, "[Train] Server 2 loss": 0.4698234423995018, "[Train] Server 2 acc": 98.4765625, "[Train] Client 3 loss": 2.3350835770368574, "[Train] Client 3 acc": 91.15234375, "[Train] Server 3 loss": 0.3932109594345093, "[Train] Server 3 acc": 96.6796875, "_runtime": 4880.334535598755, "_step": 500, "[Test] Client 1 acc": 49.310001373291016, "[Test] Server 1 acc": 82.83999633789062, "[Test] Client 2 acc": 77.91999816894531, "[Test] Server 2 acc": 82.0999984741211, "[Test] Client 3 acc": 80.95999908447266, "[Test] Server 3 acc": 80.55000305175781, "_wandb": {"runtime": 4879}}