{"[Train] Client 1 loss": 1.2995027303695679, "[Train] Client 1 acc": 53.3203125, "[Train] Server 1 loss": 0.7252260558307171, "[Train] Server 1 acc": 95.1171875, "_timestamp": 1695053996.7095523, "[Train] Client 2 loss": 1.7018394023180008, "[Train] Client 2 acc": 83.984375, "[Train] Server 2 loss": 0.4175330623984337, "[Train] Server 2 acc": 93.37890625, "[Train] Client 3 loss": 1.8545487746596336, "[Train] Client 3 acc": 95.21484375, "[Train] Server 3 loss": 0.11779762245714664, "[Train] Server 3 acc": 96.328125, "_runtime": 3514.5437371730804, "_step": 1000, "[Test] Client 1 acc": 51.630001068115234, "[Test] Server 1 acc": 82.55999755859375, "[Test] Client 2 acc": 81.54000091552734, "[Test] Server 2 acc": 83.66999816894531, "[Test] Client 3 acc": 83.08999633789062, "[Test] Server 3 acc": 83.12000274658203, "_wandb": {"runtime": 3513}}