{"[Train] Client 1 loss": 1.281430795788765, "[Train] Client 1 acc": 54.04296875, "[Train] Server 1 loss": 0.5700285322964191, "[Train] Server 1 acc": 96.66015625, "_timestamp": 1695027670.5167618, "[Train] Client 2 loss": 1.6079414710402489, "[Train] Client 2 acc": 87.12890625, "[Train] Server 2 loss": 0.2025363901630044, "[Train] Server 2 acc": 96.328125, "[Train] Client 3 loss": 1.860807716846466, "[Train] Client 3 acc": 95.5078125, "[Train] Server 3 loss": 0.061470272194128484, "[Train] Server 3 acc": 97.890625, "_runtime": 4087.0572378635406, "_step": 1000, "[Test] Client 1 acc": 53.689998626708984, "[Test] Server 1 acc": 80.16999816894531, "[Test] Client 2 acc": 81.29000091552734, "[Test] Server 2 acc": 82.01000213623047, "[Test] Client 3 acc": 83.75, "[Test] Server 3 acc": 82.66000366210938, "_wandb": {"runtime": 4086}}