{"[Train] Client 1 loss": 1.4970477595925331, "[Train] Client 1 acc": 44.43359375, "[Train] Server 1 loss": 5.3505098015069965, "[Train] Server 1 acc": 10.83984375, "_timestamp": 1695033927.6268308, "[Train] Client 2 loss": 1.7949052810668946, "[Train] Client 2 acc": 93.2421875, "[Train] Server 2 loss": 3.854677230119705, "[Train] Server 2 acc": 14.765625, "[Train] Client 3 loss": 2.0833860874176025, "[Train] Client 3 acc": 96.6015625, "[Train] Server 3 loss": 3.4198977023363115, "[Train] Server 3 acc": 24.35546875, "_runtime": 10704.759855747223, "_step": 1000, "[Test] Client 1 acc": 45.75, "[Test] Server 1 acc": 10.630000114440918, "[Test] Client 2 acc": 79.25, "[Test] Server 2 acc": 17.09000015258789, "[Test] Client 3 acc": 81.66000366210938, "[Test] Server 3 acc": 10.0, "_wandb": {"runtime": 10704}}