{"[Train] Client 1 loss": 1.8060571625828743, "[Train] Client 1 acc": 39.70703125, "[Train] Server 1 loss": 1.6825949922204018, "[Train] Server 1 acc": 88.88671875, "_timestamp": 1694953360.1374698, "[Train] Client 2 loss": 2.8893512189388275, "[Train] Client 2 acc": 65.48828125, "[Train] Server 2 loss": 1.1442936807870865, "[Train] Server 2 acc": 85.0, "[Train] Client 3 loss": 3.63296340405941, "[Train] Client 3 acc": 71.07421875, "[Train] Server 3 loss": 0.9460718594491482, "[Train] Server 3 acc": 72.9296875, "_runtime": 2046.1891288757324, "_step": 500, "[Test] Client 1 acc": 34.34000015258789, "[Test] Server 1 acc": 80.83999633789062, "[Test] Client 2 acc": 65.25, "[Test] Server 2 acc": 78.3499984741211, "[Test] Client 3 acc": 69.98999786376953, "[Test] Server 3 acc": 70.72000122070312, "_wandb": {"runtime": 2045}}