{"[Train] Client 1 loss": 1.4648353457450867, "[Train] Client 1 acc": 45.09765625, "[Train] Server 1 loss": 0.800954619422555, "[Train] Server 1 acc": 96.26953125, "_timestamp": 1695027763.9519334, "[Train] Client 2 loss": 2.1039858236908913, "[Train] Client 2 acc": 76.26953125, "[Train] Server 2 loss": 0.2800528323277831, "[Train] Server 2 acc": 95.60546875, "[Train] Client 3 loss": 2.689622238278389, "[Train] Client 3 acc": 83.73046875, "[Train] Server 3 loss": 0.3805874176323414, "[Train] Server 3 acc": 87.1484375, "_runtime": 4204.02134346962, "_step": 1000, "[Test] Client 1 acc": 46.709999084472656, "[Test] Server 1 acc": 76.58999633789062, "[Test] Client 2 acc": 74.06999969482422, "[Test] Server 2 acc": 79.75, "[Test] Client 3 acc": 78.68000030517578, "[Test] Server 3 acc": 77.7699966430664, "_wandb": {"runtime": 4203}}