{"[Train] Client 1 loss": 1.282006461918354, "[Train] Client 1 acc": 53.8671875, "[Train] Server 1 loss": 0.2808455226942897, "[Train] Server 1 acc": 100.0, "_timestamp": 1695033249.1407719, "[Train] Client 2 loss": 1.616844791173935, "[Train] Client 2 acc": 89.0234375, "[Train] Server 2 loss": 0.0787070931866765, "[Train] Server 2 acc": 99.453125, "[Train] Client 3 loss": 1.6721718728542327, "[Train] Client 3 acc": 98.18359375, "[Train] Server 3 loss": 0.01365506864967756, "[Train] Server 3 acc": 99.90234375, "_runtime": 9774.32229089737, "_step": 1000, "[Test] Client 1 acc": 53.88999938964844, "[Test] Server 1 acc": 83.02999877929688, "[Test] Client 2 acc": 80.79000091552734, "[Test] Server 2 acc": 84.12999725341797, "[Test] Client 3 acc": 82.69999694824219, "[Test] Server 3 acc": 82.22000122070312, "_wandb": {"runtime": 9773}}