{"[Train] Client 1 loss": 1.4353469505906105, "[Train] Client 1 acc": 45.1171875, "[Train] Server 1 loss": 3.298638805747032, "[Train] Server 1 acc": 17.75390625, "_timestamp": 1695033881.7848537, "[Train] Client 2 loss": 1.763395147025585, "[Train] Client 2 acc": 88.9453125, "[Train] Server 2 loss": 2.99602852165699, "[Train] Server 2 acc": 15.68359375, "[Train] Client 3 loss": 1.9453154414892198, "[Train] Client 3 acc": 95.234375, "[Train] Server 3 loss": 1.9440615564584731, "[Train] Server 3 acc": 24.98046875, "_runtime": 10791.54441666603, "_step": 1000, "[Test] Client 1 acc": 46.790000915527344, "[Test] Server 1 acc": 11.90999984741211, "[Test] Client 2 acc": 79.75, "[Test] Server 2 acc": 10.0, "[Test] Client 3 acc": 81.48999786376953, "[Test] Server 3 acc": 10.09000015258789, "_wandb": {"runtime": 10790}}