{"[Train] Client 1 loss": 1.479029543697834, "[Train] Client 1 acc": 54.5703125, "[Train] Server 1 loss": 0.6491778157651424, "[Train] Server 1 acc": 95.8984375, "_timestamp": 1695055483.6854506, "[Train] Client 2 loss": 1.871515892446041, "[Train] Client 2 acc": 86.97265625, "[Train] Server 2 loss": 0.1959765157662332, "[Train] Server 2 acc": 96.85546875, "[Train] Client 3 loss": 1.966269038617611, "[Train] Client 3 acc": 97.24609375, "[Train] Server 3 loss": 0.05457646542345174, "[Train] Server 3 acc": 98.14453125, "_runtime": 4380.462147474289, "_step": 1000, "[Test] Client 1 acc": 53.63999938964844, "[Test] Server 1 acc": 78.72000122070312, "[Test] Client 2 acc": 80.2300033569336, "[Test] Server 2 acc": 83.30000305175781, "[Test] Client 3 acc": 83.72000122070312, "[Test] Server 3 acc": 83.36000061035156, "_wandb": {"runtime": 4379}}