{"[Train] Client 1 loss": 1.1742478467524051, "[Train] Client 1 acc": 62.4609375, "[Train] Server 1 loss": 1.266159674525261, "[Train] Server 1 acc": 56.97265625, "_timestamp": 1693845325.6821399, "[Train] Client 2 loss": 1.1919687934219838, "[Train] Client 2 acc": 61.26953125, "[Train] Server 2 loss": 1.2740584276616573, "[Train] Server 2 acc": 56.89453125, "[Train] Client 3 loss": 1.2785800717771054, "[Train] Client 3 acc": 59.0625, "[Train] Server 3 loss": 1.4226240888237953, "[Train] Server 3 acc": 51.4453125, "_runtime": 2790.646373987198, "_step": 13, "[Test] Client 1 acc": 46.36000061035156, "[Test] Server 1 acc": 44.689998626708984, "[Test] Client 2 acc": 50.5, "[Test] Server 2 acc": 47.91999816894531, "[Test] Client 3 acc": 49.06999969482422, "[Test] Server 3 acc": 47.880001068115234}