{"[Train] Client 1 loss": 1.280296467244625, "[Train] Client 1 acc": 55.05859375, "[Train] Server 1 loss": 0.6812590267509222, "[Train] Server 1 acc": 96.9140625, "_timestamp": 1695027678.8102014, "[Train] Client 2 loss": 1.6782796904444695, "[Train] Client 2 acc": 85.0390625, "[Train] Server 2 loss": 0.2983005614951253, "[Train] Server 2 acc": 94.8046875, "[Train] Client 3 loss": 1.8768582046031952, "[Train] Client 3 acc": 96.07421875, "[Train] Server 3 loss": 0.09821784007363021, "[Train] Server 3 acc": 96.6015625, "_runtime": 4231.674038410187, "_step": 1000, "[Test] Client 1 acc": 53.5099983215332, "[Test] Server 1 acc": 82.95999908447266, "[Test] Client 2 acc": 81.2699966430664, "[Test] Server 2 acc": 84.69000244140625, "[Test] Client 3 acc": 84.23999786376953, "[Test] Server 3 acc": 83.73999786376953, "_wandb": {"runtime": 4231}}