{"[Train] Client 1 loss": 1.3540736526250838, "[Train] Client 1 acc": 50.7421875, "[Train] Server 1 loss": 1.141659251600504, "[Train] Server 1 acc": 59.4140625, "_timestamp": 1694267169.7128904, "[Train] Client 2 loss": 1.1587477400898933, "[Train] Client 2 acc": 60.68359375, "[Train] Server 2 loss": 1.1727860122919083, "[Train] Server 2 acc": 57.5390625, "[Train] Client 3 loss": 0.9403209388256073, "[Train] Client 3 acc": 69.86328125, "[Train] Server 3 loss": 1.0669437244534492, "[Train] Server 3 acc": 64.8828125, "_runtime": 241.0575933456421, "_step": 10, "[Test] Client 1 acc": 46.15999984741211, "[Test] Server 1 acc": 55.59000015258789, "[Test] Client 2 acc": 58.439998626708984, "[Test] Server 2 acc": 58.630001068115234, "[Test] Client 3 acc": 59.93000030517578, "[Test] Server 3 acc": 58.27000045776367, "_wandb": {"runtime": 240}}