{"[Train] Client 2 loss": 1.7209068909287453, "[Train] Client 2 acc": 84.70703125, "[Train] Server 2 loss": 0.5273623690009117, "[Train] Server 2 acc": 94.27734375, "_timestamp": 1695054297.102478, "[Train] Client 3 loss": 1.9751980006694794, "[Train] Client 3 acc": 92.578125, "[Train] Server 3 loss": 0.3164917668327689, "[Train] Server 3 acc": 95.64453125, "[Train] Client 4 loss": 2.1366234570741653, "[Train] Client 4 acc": 93.73046875, "[Train] Server 4 loss": 0.11318033724091947, "[Train] Server 4 acc": 95.9375, "_runtime": 3817.1960549354553, "_step": 1000, "[Train] Client 1 loss": 1.305655337870121, "[Train] Client 1 acc": 52.28515625, "[Train] Server 1 loss": 0.9383375532925129, "[Train] Server 1 acc": 95.8984375, "[Test] Client 1 acc": 51.689998626708984, "[Test] Server 1 acc": 80.69999694824219, "[Test] Client 2 acc": 82.30000305175781, "[Test] Server 2 acc": 83.0999984741211, "[Test] Client 3 acc": 85.05999755859375, "[Test] Server 3 acc": 84.63999938964844, "[Test] Client 4 acc": 85.16999816894531, "[Test] Server 4 acc": 84.44000244140625, "_wandb": {"runtime": 3816}}