{"[Train] Client 1 loss": 1.5344390347599983, "[Train] Client 1 acc": 43.4765625, "[Train] Server 1 loss": 1.353477455675602, "[Train] Server 1 acc": 89.3359375, "_timestamp": 1695018496.5441494, "[Train] Client 2 loss": 2.4732667803764343, "[Train] Client 2 acc": 68.0859375, "[Train] Server 2 loss": 0.7822947166860104, "[Train] Server 2 acc": 86.40625, "[Train] Client 3 loss": 2.9204580038785934, "[Train] Client 3 acc": 79.43359375, "[Train] Server 3 loss": 0.528467733412981, "[Train] Server 3 acc": 80.76171875, "_runtime": 1740.561089515686, "_step": 500, "[Test] Client 1 acc": 38.709999084472656, "[Test] Server 1 acc": 76.87999725341797, "[Test] Client 2 acc": 68.83000183105469, "[Test] Server 2 acc": 79.0, "[Test] Client 3 acc": 75.18000030517578, "[Test] Server 3 acc": 74.94999694824219, "_wandb": {"runtime": 1739}}