{"[Train] Client 1 loss": 1.735719858109951, "[Train] Client 1 acc": 33.203125, "[Train] Server 1 loss": 1.5870571747422217, "[Train] Server 1 acc": 99.4140625, "_timestamp": 1694951028.105991, "[Train] Client 2 loss": 2.837577921152115, "[Train] Client 2 acc": 63.02734375, "[Train] Server 2 loss": 0.7583074165508151, "[Train] Server 2 acc": 99.51171875, "[Train] Client 3 loss": 3.8402408242225645, "[Train] Client 3 acc": 68.30078125, "[Train] Server 3 loss": 0.41500698871677744, "[Train] Server 3 acc": 99.90234375, "_runtime": 352.8762278556824, "_step": 41, "[Test] Client 1 acc": 33.16999816894531, "[Test] Server 1 acc": 68.7699966430664, "[Test] Client 2 acc": 59.34000015258789, "[Test] Server 2 acc": 70.27999877929688, "[Test] Client 3 acc": 65.19999694824219, "[Test] Server 3 acc": 63.40999984741211}