{"[Train] Client 1 loss": 1.6885217502713203, "[Train] Client 1 acc": 39.90234375, "[Train] Server 1 loss": 1.4800990596413612, "[Train] Server 1 acc": 90.3125, "_timestamp": 1694956576.015334, "[Train] Client 2 loss": 2.723866745829582, "[Train] Client 2 acc": 66.26953125, "[Train] Server 2 loss": 0.9570571929216385, "[Train] Server 2 acc": 85.13671875, "[Train] Client 3 loss": 3.468311756849289, "[Train] Client 3 acc": 70.703125, "[Train] Server 3 loss": 0.7899008244276047, "[Train] Server 3 acc": 73.4765625, "_runtime": 2404.234771966934, "_step": 500, "[Test] Client 1 acc": 34.470001220703125, "[Test] Server 1 acc": 81.1500015258789, "[Test] Client 2 acc": 65.51000213623047, "[Test] Server 2 acc": 78.69000244140625, "[Test] Client 3 acc": 70.27999877929688, "[Test] Server 3 acc": 70.8499984741211, "_wandb": {"runtime": 2403}}