{"[Train] Client 1 loss": 1.7919591665267944, "[Train] Client 1 acc": 40.09765625, "[Train] Server 1 loss": 1.6624153479933739, "[Train] Server 1 acc": 88.671875, "_timestamp": 1694956042.3840425, "[Train] Client 2 loss": 2.8765048682689667, "[Train] Client 2 acc": 63.61328125, "[Train] Server 2 loss": 1.1275515891611576, "[Train] Server 2 acc": 85.1953125, "[Train] Client 3 loss": 3.6268645375967026, "[Train] Client 3 acc": 71.11328125, "[Train] Server 3 loss": 0.9419103041291237, "[Train] Server 3 acc": 72.51953125, "_runtime": 2264.696898460388, "_step": 500, "[Test] Client 1 acc": 34.560001373291016, "[Test] Server 1 acc": 81.05000305175781, "[Test] Client 2 acc": 65.16000366210938, "[Test] Server 2 acc": 78.1500015258789, "[Test] Client 3 acc": 70.1500015258789, "[Test] Server 3 acc": 70.62000274658203, "_wandb": {"runtime": 2264}}