{"[Train] Client 1 loss": 1.8744197860360146, "[Train] Client 1 acc": 39.8046875, "[Train] Server 1 loss": 1.8033404052257538, "[Train] Server 1 acc": 88.8671875, "_timestamp": 1694956454.0752616, "[Train] Client 2 loss": 2.9934517294168472, "[Train] Client 2 acc": 64.296875, "[Train] Server 2 loss": 1.2610427103936672, "[Train] Server 2 acc": 84.3359375, "[Train] Client 3 loss": 3.7410047203302383, "[Train] Client 3 acc": 71.6015625, "[Train] Server 3 loss": 1.035573460161686, "[Train] Server 3 acc": 73.515625, "_runtime": 2304.047383546829, "_step": 500, "[Test] Client 1 acc": 34.41999816894531, "[Test] Server 1 acc": 81.05999755859375, "[Test] Client 2 acc": 65.16000366210938, "[Test] Server 2 acc": 78.08000183105469, "[Test] Client 3 acc": 70.0199966430664, "[Test] Server 3 acc": 70.55999755859375, "_wandb": {"runtime": 2303}}