{"[Train] Client 1 loss": 1.646790336072445, "[Train] Client 1 acc": 53.828125, "[Train] Server 1 loss": 0.909400288015604, "[Train] Server 1 acc": 99.51171875, "_timestamp": 1694967858.999999, "[Train] Client 2 loss": 2.3062624290585516, "[Train] Client 2 acc": 81.5625, "[Train] Server 2 loss": 0.6443592876195907, "[Train] Server 2 acc": 99.16015625, "[Train] Client 3 loss": 2.5308023154735566, "[Train] Client 3 acc": 90.68359375, "[Train] Server 3 loss": 0.5803980190306902, "[Train] Server 3 acc": 94.765625, "_runtime": 4345.920109033585, "_step": 500, "[Test] Client 1 acc": 49.119998931884766, "[Test] Server 1 acc": 83.55999755859375, "[Test] Client 2 acc": 78.08000183105469, "[Test] Server 2 acc": 82.68000030517578, "[Test] Client 3 acc": 80.83999633789062, "[Test] Server 3 acc": 80.0999984741211, "_wandb": {"runtime": 4345}}