{"[Train] Client 2 loss": 1.7806800603866577, "[Train] Client 2 acc": 89.94140625, "[Train] Server 2 loss": 0.13806451950222254, "[Train] Server 2 acc": 98.84765625, "_timestamp": 1695058792.029378, "[Train] Client 3 loss": 1.7647492960095406, "[Train] Client 3 acc": 98.828125, "[Train] Server 3 loss": 0.04185036168200895, "[Train] Server 3 acc": 99.4140625, "[Train] Client 4 loss": 1.8081462755799294, "[Train] Client 4 acc": 98.671875, "[Train] Server 4 loss": 0.014930372165053996, "[Train] Server 4 acc": 99.4140625, "_runtime": 7683.201946973801, "_step": 2000, "[Train] Client 1 loss": 1.5259644985198975, "[Train] Client 1 acc": 56.015625, "[Train] Server 1 loss": 0.49666257575154305, "[Train] Server 1 acc": 98.671875, "[Test] Client 1 acc": 53.880001068115234, "[Test] Server 1 acc": 79.94000244140625, "[Test] Client 2 acc": 82.91000366210938, "[Test] Server 2 acc": 74.86000061035156, "[Test] Client 3 acc": 85.0199966430664, "[Test] Server 3 acc": 84.72000122070312, "[Test] Client 4 acc": 85.37999725341797, "[Test] Server 4 acc": 84.93000030517578, "_wandb": {"runtime": 7682}}