{"[Train] Client 1 loss": 1.3099066972732545, "[Train] Client 1 acc": 53.61328125, "[Train] Server 1 loss": 0.5325341016054154, "[Train] Server 1 acc": 99.51171875, "_timestamp": 1695016199.0170908, "[Train] Client 2 loss": 1.8351997494697572, "[Train] Client 2 acc": 81.484375, "[Train] Server 2 loss": 0.1273418623022735, "[Train] Server 2 acc": 99.51171875, "[Train] Client 3 loss": 2.0454039558768273, "[Train] Client 3 acc": 92.20703125, "[Train] Server 3 loss": 0.16261833971366285, "[Train] Server 3 acc": 95.05859375, "_runtime": 3946.2910957336426, "_step": 500, "[Test] Client 1 acc": 49.68000030517578, "[Test] Server 1 acc": 82.6500015258789, "[Test] Client 2 acc": 77.9000015258789, "[Test] Server 2 acc": 81.18000030517578, "[Test] Client 3 acc": 80.70999908447266, "[Test] Server 3 acc": 80.1500015258789, "_wandb": {"runtime": 3945}}