{"[Train] Client 1 loss": 1.527650460600853, "[Train] Client 1 acc": 57.40234375, "[Train] Server 1 loss": 0.35172766260802746, "[Train] Server 1 acc": 98.0859375, "_timestamp": 1695059329.2441194, "[Train] Client 2 loss": 1.7205595076084137, "[Train] Client 2 acc": 93.2421875, "[Train] Server 2 loss": 0.07137643056921661, "[Train] Server 2 acc": 98.41796875, "[Train] Client 3 loss": 1.7657430469989777, "[Train] Client 3 acc": 99.31640625, "[Train] Server 3 loss": 0.009037555892518867, "[Train] Server 3 acc": 99.70703125, "_runtime": 8216.41975736618, "_step": 2000, "[Test] Client 1 acc": 55.970001220703125, "[Test] Server 1 acc": 84.2699966430664, "[Test] Client 2 acc": 82.05999755859375, "[Test] Server 2 acc": 78.41000366210938, "[Test] Client 3 acc": 85.19000244140625, "[Test] Server 3 acc": 84.97000122070312, "_wandb": {"runtime": 8215}}