{"[Train] Client 1 loss": 1.653135360777378, "[Train] Client 1 acc": 52.34375, "[Train] Server 1 loss": 0.9603732042014599, "[Train] Server 1 acc": 99.0625, "_timestamp": 1694955825.6225734, "[Train] Client 2 loss": 2.323751774430275, "[Train] Client 2 acc": 82.1484375, "[Train] Server 2 loss": 0.6573929339647293, "[Train] Server 2 acc": 98.92578125, "[Train] Client 3 loss": 2.53937409222126, "[Train] Client 3 acc": 89.765625, "[Train] Server 3 loss": 0.5866081949323416, "[Train] Server 3 acc": 95.5859375, "_runtime": 4527.0624833106995, "_step": 500, "[Test] Client 1 acc": 49.189998626708984, "[Test] Server 1 acc": 83.56999969482422, "[Test] Client 2 acc": 77.61000061035156, "[Test] Server 2 acc": 83.11000061035156, "[Test] Client 3 acc": 81.05000305175781, "[Test] Server 3 acc": 80.23999786376953, "_wandb": {"runtime": 4526}}