{"[Train] Client 1 loss": 1.9016596972942352, "[Train] Client 1 acc": 39.8046875, "[Train] Server 1 loss": 1.7789167687296867, "[Train] Server 1 acc": 89.27734375, "_timestamp": 1694965705.816238, "[Train] Client 2 loss": 3.022060066461563, "[Train] Client 2 acc": 64.4140625, "[Train] Server 2 loss": 1.280174370855093, "[Train] Server 2 acc": 84.5703125, "[Train] Client 3 loss": 3.7478021681308746, "[Train] Client 3 acc": 70.7421875, "[Train] Server 3 loss": 1.0795588120818138, "[Train] Server 3 acc": 73.22265625, "_runtime": 2027.3520259857178, "_step": 500, "[Test] Client 1 acc": 34.45000076293945, "[Test] Server 1 acc": 81.12999725341797, "[Test] Client 2 acc": 65.0199966430664, "[Test] Server 2 acc": 78.37999725341797, "[Test] Client 3 acc": 70.13999938964844, "[Test] Server 3 acc": 70.51000213623047, "_wandb": {"runtime": 2026}}