{"[Train] Client 1 loss": 1.6963897496461868, "[Train] Client 1 acc": 39.51171875, "[Train] Server 1 loss": 1.5154579505324364, "[Train] Server 1 acc": 89.82421875, "_timestamp": 1694953333.7519653, "[Train] Client 2 loss": 2.726377323269844, "[Train] Client 2 acc": 65.1953125, "[Train] Server 2 loss": 0.942996546626091, "[Train] Server 2 acc": 85.37109375, "[Train] Client 3 loss": 3.4783580750226974, "[Train] Client 3 acc": 70.859375, "[Train] Server 3 loss": 0.7972754836082458, "[Train] Server 3 acc": 72.7734375, "_runtime": 2032.6393942832947, "_step": 500, "[Test] Client 1 acc": 34.709999084472656, "[Test] Server 1 acc": 80.61000061035156, "[Test] Client 2 acc": 65.55999755859375, "[Test] Server 2 acc": 78.12999725341797, "[Test] Client 3 acc": 70.37000274658203, "[Test] Server 3 acc": 71.01000213623047, "_wandb": {"runtime": 2032}}