{"[Train] Client 1 loss": 1.219050896167755, "[Train] Client 1 acc": 56.0546875, "[Train] Server 1 loss": 0.17435914571397007, "[Train] Server 1 acc": 100.0, "_timestamp": 1695033352.400417, "[Train] Client 2 loss": 1.400738427042961, "[Train] Client 2 acc": 96.6796875, "[Train] Server 2 loss": 0.03229802329587983, "[Train] Server 2 acc": 100.0, "[Train] Client 3 loss": 1.4567078307271004, "[Train] Client 3 acc": 99.16015625, "[Train] Server 3 loss": 0.0057204996624932395, "[Train] Server 3 acc": 100.0, "_runtime": 9747.712835073471, "_step": 1000, "[Test] Client 1 acc": 55.470001220703125, "[Test] Server 1 acc": 81.44999694824219, "[Test] Client 2 acc": 81.0999984741211, "[Test] Server 2 acc": 81.62999725341797, "[Test] Client 3 acc": 83.22000122070312, "[Test] Server 3 acc": 82.44000244140625, "_wandb": {"runtime": 9747}}