{"[Train] Client 1 loss": 1.2155366122722626, "[Train] Client 1 acc": 58.0078125, "[Train] Server 1 loss": 1.7552116557955741, "[Train] Server 1 acc": 59.296875, "_timestamp": 1694267433.3829522, "[Train] Client 2 loss": 1.6878890797495842, "[Train] Client 2 acc": 59.27734375, "[Train] Server 2 loss": 1.6135525539517404, "[Train] Server 2 acc": 56.73828125, "[Train] Client 3 loss": 1.7488135427236557, "[Train] Client 3 acc": 63.3984375, "[Train] Server 3 loss": 1.1055535934865475, "[Train] Server 3 acc": 61.73828125, "_runtime": 256.8397262096405, "_step": 10, "[Test] Client 1 acc": 54.810001373291016, "[Test] Server 1 acc": 57.220001220703125, "[Test] Client 2 acc": 58.720001220703125, "[Test] Server 2 acc": 58.41999816894531, "[Test] Client 3 acc": 58.61000061035156, "[Test] Server 3 acc": 57.34000015258789, "_wandb": {"runtime": 256}}