{"[Train] Client 2 loss": 4.069239065051079, "[Train] Client 2 acc": 32.3828125, "[Train] Server 2 loss": 5.061501085758209, "[Train] Server 2 acc": 37.67578125, "_timestamp": 1695048794.9278002, "[Train] Client 3 loss": 5.8294485211372375, "[Train] Client 3 acc": 35.4296875, "[Train] Server 3 loss": 3.6281985342502594, "[Train] Server 3 acc": 31.8359375, "[Train] Client 4 loss": 7.511635899543762, "[Train] Client 4 acc": 38.30078125, "[Train] Server 4 loss": 1.8041643127799034, "[Train] Server 4 acc": 34.1015625, "_runtime": 42.39378619194031, "_step": 11, "[Train] Client 1 loss": 2.1236751675605774, "[Train] Client 1 acc": 21.26953125, "[Train] Server 1 loss": 7.193253129720688, "[Train] Server 1 acc": 33.4375, "[Test] Client 1 acc": 19.719999313354492, "[Test] Server 1 acc": 36.83000183105469, "[Test] Client 2 acc": 30.600000381469727, "[Test] Server 2 acc": 41.81999969482422, "[Test] Client 3 acc": 37.11000061035156, "[Test] Server 3 acc": 39.75, "[Test] Client 4 acc": 36.65999984741211, "[Test] Server 4 acc": 36.79999923706055}