{"[Train] Client 1 loss": 1.5194727346301078, "[Train] Client 1 acc": 53.57421875, "[Train] Server 1 loss": 0.767021045088768, "[Train] Server 1 acc": 99.4140625, "_timestamp": 1694959880.954714, "[Train] Client 2 loss": 2.149217928946018, "[Train] Client 2 acc": 81.30859375, "[Train] Server 2 loss": 0.4751483641564846, "[Train] Server 2 acc": 99.0234375, "[Train] Client 3 loss": 2.338092069327831, "[Train] Client 3 acc": 91.0546875, "[Train] Server 3 loss": 0.4284139059484005, "[Train] Server 3 acc": 96.46484375, "_runtime": 4824.070909976959, "_step": 500, "[Test] Client 1 acc": 49.22999954223633, "[Test] Server 1 acc": 83.23999786376953, "[Test] Client 2 acc": 77.83000183105469, "[Test] Server 2 acc": 82.56999969482422, "[Test] Client 3 acc": 80.91999816894531, "[Test] Server 3 acc": 80.38999938964844, "_wandb": {"runtime": 4823}}