{"[Train] Client 1 loss": 1.364831069111824, "[Train] Client 1 acc": 53.671875, "[Train] Server 1 loss": 0.5757904574275017, "[Train] Server 1 acc": 99.31640625, "_timestamp": 1694960014.16835, "[Train] Client 2 loss": 1.9091844275593757, "[Train] Client 2 acc": 81.69921875, "[Train] Server 2 loss": 0.23977713203057646, "[Train] Server 2 acc": 98.6328125, "[Train] Client 3 loss": 2.1315073892474174, "[Train] Client 3 acc": 92.44140625, "[Train] Server 3 loss": 0.21137051163241266, "[Train] Server 3 acc": 97.5, "_runtime": 4796.527338981628, "_step": 500, "[Test] Client 1 acc": 49.65999984741211, "[Test] Server 1 acc": 83.2300033569336, "[Test] Client 2 acc": 78.41999816894531, "[Test] Server 2 acc": 82.26000213623047, "[Test] Client 3 acc": 81.08000183105469, "[Test] Server 3 acc": 80.62999725341797, "_wandb": {"runtime": 4795}}