{"[Train] Client 1 loss": 2.428003668785095, "[Train] Client 1 acc": 22.91015625, "[Train] Server 1 loss": 4.944858938455582, "[Train] Server 1 acc": 44.5703125, "_timestamp": 1694936904.031579, "[Train] Client 2 loss": 4.082267865538597, "[Train] Client 2 acc": 32.96875, "[Train] Server 2 loss": 2.939338520169258, "[Train] Server 2 acc": 46.3671875, "[Train] Client 3 loss": 5.596569538116455, "[Train] Client 3 acc": 41.62109375, "[Train] Server 3 loss": 1.7231769189238548, "[Train] Server 3 acc": 37.3046875, "_runtime": 76.40623593330383, "_step": 20, "[Test] Client 1 acc": 21.760000228881836, "[Test] Server 1 acc": 45.650001525878906, "[Test] Client 2 acc": 34.77000045776367, "[Test] Server 2 acc": 41.45000076293945, "[Test] Client 3 acc": 42.189998626708984, "[Test] Server 3 acc": 43.25}