{"[Train] Client 1 loss": 1.318800538778305, "[Train] Client 1 acc": 53.22265625, "[Train] Server 1 loss": 1.3946591317653656, "[Train] Server 1 acc": 86.11328125, "_timestamp": 1695018493.017463, "[Train] Client 2 loss": 1.9190450757741928, "[Train] Client 2 acc": 78.7109375, "[Train] Server 2 loss": 0.5276173502206802, "[Train] Server 2 acc": 88.57421875, "[Train] Client 3 loss": 2.118766739964485, "[Train] Client 3 acc": 88.7890625, "[Train] Server 3 loss": 0.2673357641324401, "[Train] Server 3 acc": 90.5859375, "_runtime": 1705.633358001709, "_step": 500, "[Test] Client 1 acc": 48.72999954223633, "[Test] Server 1 acc": 66.94000244140625, "[Test] Client 2 acc": 78.19000244140625, "[Test] Server 2 acc": 78.54000091552734, "[Test] Client 3 acc": 81.61000061035156, "[Test] Server 3 acc": 81.0199966430664, "_wandb": {"runtime": 1704}}