{"[Train] Client 1 loss": 1.6116117656230926, "[Train] Client 1 acc": 52.4609375, "[Train] Server 1 loss": 0.8979645535349846, "[Train] Server 1 acc": 99.21875, "_timestamp": 1694959991.6725729, "[Train] Client 2 loss": 2.2698067113757134, "[Train] Client 2 acc": 81.11328125, "[Train] Server 2 loss": 0.5829256486147643, "[Train] Server 2 acc": 98.96484375, "[Train] Client 3 loss": 2.480044972896576, "[Train] Client 3 acc": 90.46875, "[Train] Server 3 loss": 0.5296836718916893, "[Train] Server 3 acc": 96.015625, "_runtime": 4793.216148853302, "_step": 500, "[Test] Client 1 acc": 49.11000061035156, "[Test] Server 1 acc": 83.5999984741211, "[Test] Client 2 acc": 77.72000122070312, "[Test] Server 2 acc": 82.77999877929688, "[Test] Client 3 acc": 81.2699966430664, "[Test] Server 3 acc": 81.05000305175781, "_wandb": {"runtime": 4792}}