{"[Train] Client 1 loss": 1.6138069212436676, "[Train] Client 1 acc": 43.359375, "[Train] Server 1 loss": 5.750549173355102, "[Train] Server 1 acc": 34.27734375, "_timestamp": 1693846612.9711747, "[Train] Client 2 loss": 2.8159289926290514, "[Train] Client 2 acc": 49.84375, "[Train] Server 2 loss": 2.996123245358467, "[Train] Server 2 acc": 47.01171875, "[Train] Client 3 loss": 4.850154277682305, "[Train] Client 3 acc": 49.0625, "[Train] Server 3 loss": 1.864611129462719, "[Train] Server 3 acc": 45.078125, "_runtime": 1013.8850536346436, "_step": 6}