{"[Train] Client 1 loss": 1.5693183615803719, "[Train] Client 1 acc": 58.515625, "[Train] Server 1 loss": 0.7268821150064468, "[Train] Server 1 acc": 99.4140625, "_timestamp": 1695062043.3825095, "[Train] Client 2 loss": 2.0327364951372147, "[Train] Client 2 acc": 89.4140625, "[Train] Server 2 loss": 0.5729040838778019, "[Train] Server 2 acc": 99.2578125, "[Train] Client 3 loss": 2.0056987032294273, "[Train] Client 3 acc": 98.65234375, "[Train] Server 3 loss": 0.42521549947559834, "[Train] Server 3 acc": 99.609375, "_runtime": 8546.514900445938, "_step": 2000, "[Test] Client 1 acc": 55.970001220703125, "[Test] Server 1 acc": 85.3499984741211, "[Test] Client 2 acc": 83.41999816894531, "[Test] Server 2 acc": 82.6500015258789, "[Test] Client 3 acc": 85.93000030517578, "[Test] Server 3 acc": 85.16000366210938, "_wandb": {"runtime": 8545}}